{"val_loss": [11.353359460830688, 11.453816652297974, 10.436795473098755, 11.07745361328125, 11.28430438041687, 9.695079922676086, 10.484715461730957, 9.674009561538696, 11.081931829452515, 9.094823360443115], "val_acc": [0.2421875, 0.25, 0.296875, 0.2578125, 0.2734375, 0.34375, 0.2890625, 0.3359375, 0.25, 0.359375], "loss": [11.428045392036438, 11.489526748657227, 11.835241317749023, 10.670723795890808, 10.949789643287659, 9.600554823875427, 10.24924385547638, 10.432060599327087, 10.700379967689514, 9.246025085449219], "acc": [0.22265625, 0.2421875, 0.23046875, 0.2890625, 0.28125, 0.37109375, 0.33203125, 0.30859375, 0.296875, 0.359375]}