{"val_loss": [4.148403635025025, 2.9112185764312746, 2.9297391414642333, 1.7781282186508178, 1.26903972864151, 0.8434270262718201, 0.7584567308425904, 0.9917545795440674, 0.7626462292671203, 0.5987962675094605], "val_acc": [0.0475, 0.18625, 0.21625, 0.4775, 0.63375, 0.7775, 0.77875, 0.6675, 0.765, 0.81375], "loss": [4.677125759124756, 3.758052864074707, 2.964424715042114, 2.4256108379364014, 2.054723553657532, 1.678827064037323, 1.383717826604843, 1.2587005925178527, 1.1380148112773896, 0.9878185212612152], "acc": [0.035625, 0.11125, 0.215625, 0.3275, 0.41625, 0.491875, 0.570625, 0.608125, 0.653125, 0.67875]}