{"val_loss": [0.34687577222188315, 0.3262966604709625, 0.318863293838501, 0.3146682999451955, 0.3107488830089569, 0.31018109477361044, 0.3085300935904185, 0.308561794646581, 0.30620828375816345, 0.3031356467405955, 0.3009728604475657, 0.30053630696932476, 0.29979570768674213, 0.3000599573135376, 0.29783904973665876, 0.2981196525414785, 0.29658057640393576, 0.2959892757892609, 0.29616572136878966, 0.2949122508207957, 0.29451965791384377, 0.29510562775929766, 0.2939030127207438, 0.29377370592753094, 0.295102215385437, 0.2945420000712077, 0.293405823024114, 0.2930322415192922, 0.29352344002723696, 0.2937566110134125, 0.293195525709788, 0.2925237000624339, 0.29229285063743593, 0.2914325652917226, 0.2909998059272766, 0.29281223289171854, 0.29213199303944903, 0.291091154829661, 0.29117983258565266, 0.29164893937110903, 0.29118641368548076, 0.29040026246706646, 0.2903990718682607, 0.290398623863856, 0.2897939130306244, 0.29002070504824323, 0.2902395906766256, 0.2902828781604767, 0.28973150313695273, 0.28947590570449827, 0.2890608346303304, 0.29011461850802106, 0.2897573665142059, 0.2904244309743245, 0.28981070090929667, 0.28933521087964376, 0.28967120254834494, 0.2890221909999847, 0.28943852953910826, 0.2891886757850647, 0.2886044381300608, 0.2894495620250702, 0.288662499554952, 0.28895684005419414, 0.28945309675534564, 0.28979036235809325, 0.28862398438453674, 0.28921059975624086, 0.288545326089859, 0.2898323059717814, 0.29043945495287576, 0.2887599316914876, 0.28864611598650614, 0.2886781167825063, 0.28842872393925983, 0.2884562898159027, 0.28816864037513734, 0.28833670080502827, 0.28824763169288636, 0.2886890239715576, 0.28806343115170796, 0.28825486969947817, 0.28773780674934385, 0.288782483180364, 0.28758893755277, 0.2890608714898427, 0.28766753781636556, 0.28801644899050394, 0.28758866890271506, 0.2883871003309886, 0.28783803946177167, 0.288138908513387, 0.2882561428705851, 0.28742877850532533, 0.2876792242685954, 0.2874798312187195, 0.28710439432462054, 0.28729670866330465, 0.2875241092363993, 0.28722101712226866], "loss": [0.4029689122517904, 0.3348076630910238, 0.32367338949839275, 0.3182502975940704, 0.31436330946286517, 0.31155711201032005, 0.30924086505572, 0.3071920687198639, 0.3055152029196421, 0.3041038655757904, 0.30286139993667605, 0.3017132214228312, 0.30074320220947265, 0.29984808208147684, 0.2990161071141561, 0.2983429780165354, 0.29764770147005715, 0.2969737111091614, 0.29639213592211405, 0.2959074770132701, 0.29543064045906064, 0.29503002055486044, 0.29469575848579405, 0.2943302693684896, 0.2939950377941132, 0.29372777609825135, 0.293453622229894, 0.2932346343835195, 0.29295872267087303, 0.29275481956799826, 0.29253787129720055, 0.29234980231920876, 0.2921637593746185, 0.2919987534046173, 0.2918052776654561, 0.2916752607822418, 0.29150451691945395, 0.29138720231056214, 0.29123393659591673, 0.29112900327046715, 0.2910103503068288, 0.2908891197681427, 0.29078121534983314, 0.2906984190781911, 0.29058245323499043, 0.290472373565038, 0.2903864726702372, 0.29030824761390683, 0.29020643561681114, 0.2901247004985809, 0.2900544141928355, 0.2899552823384603, 0.28988743713696796, 0.2898068944454193, 0.2897497899214427, 0.2896514539718628, 0.2895853256702423, 0.28954282450675967, 0.2894316450595856, 0.28938596205711364, 0.2893257348537445, 0.28926505851745604, 0.28918723050753276, 0.28912577781677246, 0.2890855717817942, 0.28900617378552756, 0.28896567295392356, 0.28888587301572166, 0.2888379212538401, 0.2888022205511729, 0.2887113334019979, 0.28867989144325257, 0.28863191547393796, 0.28857418398857115, 0.2885311657746633, 0.28847282611529035, 0.2884204624970754, 0.288374277194341, 0.28833663813273114, 0.28827569034894307, 0.2882413465499878, 0.2881830488681793, 0.28815431785583495, 0.2881061965783437, 0.28806842255592346, 0.28803719595273336, 0.28799115447998047, 0.2879499693075816, 0.28790911107063294, 0.28787374135653176, 0.2878281469504039, 0.287770033009847, 0.2877557899475098, 0.2877235321362813, 0.28767834712664286, 0.2876305393695831, 0.28761223125457763, 0.28756311532656353, 0.28756657956441245, 0.2875131799221039]}