{"val_loss": [1.429741582274437, 0.7953117087483406, 0.7444397553801536, 0.5790390476584435, 0.5561781045049429, 0.36808979939669373, 0.31975244022905824, 0.36983807999640705, 0.3101484490558505, 0.28662145882844925, 0.26914132535457613, 0.18059546682052313, 0.25937954178079964, 0.18654386708512902, 0.17258523190394043, 0.24619484264403582, 0.22457699263468384, 0.1971671903738752, 0.14557417487958446, 0.15258456650190055, 0.17321914329659194, 0.16512663420289755, 0.22940395202022046, 0.13175858496688306, 0.17797373933717608, 0.11883921220432966, 0.1219193817814812, 0.11512243032921106, 0.11144718714058399, 0.11803633497329429], "val_acc": [0.566250005364418, 0.7462500005960464, 0.7274999983608723, 0.8075000002980233, 0.8200000002980232, 0.8862499982118607, 0.8962499976158143, 0.8924999937415123, 0.907499997317791, 0.9062499955296517, 0.9087499931454659, 0.9524999931454659, 0.9087499946355819, 0.9374999910593033, 0.9424999922513961, 0.9162499949336051, 0.9249999955296516, 0.9312499955296516, 0.9562499925494194, 0.9562499895691872, 0.946249994635582, 0.9437499895691872, 0.9249999925494194, 0.9512499898672104, 0.9374999955296517, 0.964999994635582, 0.9549999907612801, 0.9587499931454658, 0.9599999964237214, 0.9624999925494194], "loss": [2.113455855846405, 1.2967138171195984, 1.0088467173278333, 0.8638934131711722, 0.7366649445146323, 0.6874422021210194, 0.6181570358574391, 0.5334592139348387, 0.45500089032575486, 0.4034585729241371, 0.4008043362759054, 0.37441876707598565, 0.31566179245710374, 0.3549508943222463, 0.302054391335696, 0.32518712067976596, 0.30867574871517717, 0.28062094156630335, 0.2288703265134245, 0.26570787716191263, 0.2586303199874237, 0.2245116303442046, 0.24725070931017398, 0.2588557595387101, 0.24126330375438557, 0.2366132412920706, 0.23927022885764018, 0.21899830119218677, 0.20982850281288848, 0.20196213548770175], "acc": [0.1981250018812716, 0.5656250014901161, 0.6512500014156103, 0.7081249967217446, 0.7625000022351742, 0.7712499983608723, 0.7962500005960464, 0.8368750005960465, 0.8581249982118606, 0.8649999983608723, 0.873124998062849, 0.8812499977648258, 0.9037499949336052, 0.8949999913573266, 0.8987499959766865, 0.9043749913573265, 0.8987499974668026, 0.9031249940395355, 0.9231249913573265, 0.9193749919533729, 0.9174999937415123, 0.9306249924004077, 0.9231249935925007, 0.9137499913573265, 0.9249999932944775, 0.9231249913573265, 0.9262499906122684, 0.9318749941885471, 0.9331249944865704, 0.9374999925494194]}